"FullName","Length","LastWriteTime"
"C:\wamp64\www\enerji\.env.example","372","17.09.2025 14:51:13"
"C:\wamp64\www\enerji\.gitattributes","13","17.09.2025 14:51:13"
"C:\wamp64\www\enerji\.gitignore","536","17.09.2025 14:51:13"
"C:\wamp64\www\enerji\README-ALARM-SQL.md","1874","7.09.2025 13:05:10"
"C:\wamp64\www\enerji\README.md","1237","17.09.2025 14:51:10"
"C:\wamp64\www\enerji\run_alarm_worker.bat","303","7.09.2025 13:05:10"
"C:\wamp64\www\enerji\api\operasyonlar.php","1408","29.09.2025 15:44:59"
"C:\wamp64\www\enerji\assets\charts.js","1974","30.09.2025 09:20:59"
"C:\wamp64\www\enerji\assets\grafikler2.css","1281","5.11.2025 14:18:58"
"C:\wamp64\www\enerji\img\ChatGPT Image 30 Eyl 2025 00_18_04.psd","3501400","30.09.2025 00:30:05"
"C:\wamp64\www\enerji\img\enerji.ico","4286","30.09.2025 00:32:25"
"C:\wamp64\www\enerji\img\enerji.jpg","335310","30.09.2025 00:30:21"
"C:\wamp64\www\enerji\libs\chart.umd.min.js","205399","3.09.2025 12:50:28"
"C:\wamp64\www\enerji\libs\chartjs-adapter-luxon.umd.js","2922","3.09.2025 12:50:20"
"C:\wamp64\www\enerji\libs\luxon.min.js","81694","3.09.2025 12:50:34"
"C:\wamp64\www\enerji\logs\api_alarm.log","199","7.09.2025 13:15:19"
"C:\wamp64\www\enerji\partials\topnav.php","1258","5.10.2025 18:50:45"
